<?xml version="1.0" encoding="UTF-8"?>
<project-private xmlns="http://www.netbeans.org/ns/project-private/1">
    <editor-bookmarks xmlns="http://www.netbeans.org/ns/editor-bookmarks/2" lastBookmarkId="8">
        <file>
            <url>src/comprimidos/GerirMedicamentos.java</url>
            <bookmark id="7">
                <name/>
                <line>58</line>
                <key/>
            </bookmark>
        </file>
        <file>
            <url>src/comprimidos/GerirUtilizadores.java</url>
            <bookmark id="5">
                <name/>
                <line>0</line>
                <key/>
            </bookmark>
            <bookmark id="1">
                <name/>
                <line>0</line>
                <key/>
            </bookmark>
            <bookmark id="2">
                <name/>
                <line>0</line>
                <key/>
            </bookmark>
            <bookmark id="3">
                <name/>
                <line>0</line>
                <key/>
            </bookmark>
            <bookmark id="4">
                <name/>
                <line>0</line>
                <key/>
            </bookmark>
        </file>
    </editor-bookmarks>
    <open-files xmlns="http://www.netbeans.org/ns/projectui-open-files/2">
        <group>
            <file>file:/C:/Users/Raquel/Documents/GitHub/POOfWork/Comprimidos/src/comprimidos/GerirUtilizadores.java</file>
            <file>file:/C:/Users/Raquel/Documents/GitHub/POOfWork/Comprimidos/src/comprimidos/GerirMedicamentos.java</file>
            <file>file:/C:/Users/Raquel/Documents/GitHub/POOfWork/Comprimidos/src/comprimidos/Admin.java</file>
            <file>file:/C:/Users/Raquel/Documents/GitHub/POOfWork/Comprimidos/src/comprimidos/Main.java</file>
            <file>file:/C:/Users/Raquel/Documents/GitHub/POOfWork/Comprimidos/src/comprimidos/Medicamento.java</file>
            <file>file:/C:/Users/Raquel/Documents/GitHub/POOfWork/Comprimidos/src/comprimidos/Utilizador.java</file>
        </group>
    </open-files>
</project-private>
